epoch,train_loss,val_loss,fold,train_end
1,0.016933958092704416,0.002647915156558156,0,2003-01-07
2,0.0033677712082862852,0.0011037274380214512,0,2003-01-07
3,0.0019140629679895937,0.0007637472881469876,0,2003-01-07
4,0.0015153640764765442,0.0004939301579724997,0,2003-01-07
5,0.0013709554565139114,0.0005390746518969536,0,2003-01-07
6,0.0012568429810926318,0.0006902184977661818,0,2003-01-07
7,0.0011802777997218072,0.00043802747677545995,0,2003-01-07
8,0.0010239341703709216,0.0004127225693082437,0,2003-01-07
9,0.000772934197448194,0.00042707523971330374,0,2003-01-07
10,0.0007405618962366134,0.0004206294834148139,0,2003-01-07
11,0.0006552251899847761,0.00039814003685023636,0,2003-01-07
12,0.0005575653893174603,0.0003902205789927393,0,2003-01-07
13,0.0005163287743926049,0.00039473906508646905,0,2003-01-07
14,0.0004627347138011828,0.00040886188799049705,0,2003-01-07
15,0.0004628880065865815,0.00039099577406886965,0,2003-01-07
16,0.0004435593553353101,0.0003836359246633947,0,2003-01-07
17,0.00043782205611933025,0.00036619680031435564,0,2003-01-07
18,0.00043200885411351917,0.00035717443824978545,0,2003-01-07
19,0.00037788255576742813,0.0003828958433587104,0,2003-01-07
20,0.00041834852600004525,0.0003798474499490112,0,2003-01-07
21,0.0003992893733084202,0.00037598030758090317,0,2003-01-07
22,0.00040723854035604743,0.0003703219845192507,0,2003-01-07
1,0.0176868859368066,0.0035417254985077307,1,2003-07-09
2,0.003349277889356017,0.0008397493293159641,1,2003-07-09
3,0.0018975782732013613,0.0005242575643933378,1,2003-07-09
4,0.0014869392325636,0.0003265795166953467,1,2003-07-09
5,0.0012398239341564476,0.000443807577539701,1,2003-07-09
6,0.0011777285835705698,0.0003920660601579584,1,2003-07-09
7,0.0010974448474977787,0.0002985782266478054,1,2003-07-09
8,0.0009364301416402062,0.0002713693247642368,1,2003-07-09
9,0.0009792065053867798,0.0002285615701111965,1,2003-07-09
10,0.0008633717322178806,0.0002964983068522997,1,2003-07-09
11,0.000854062714400546,0.0001954577601281926,1,2003-07-09
12,0.0007819677703082561,0.00027431724447524175,1,2003-07-09
13,0.0007263968873303384,0.0002382098464295268,1,2003-07-09
14,0.000619048259977717,0.00019315478130010888,1,2003-07-09
15,0.0006690928469955301,0.00019628091831691563,1,2003-07-09
16,0.0005739784028264694,0.00022493214419228025,1,2003-07-09
17,0.0005834111119232451,0.00020668329671025276,1,2003-07-09
18,0.0005701717018382624,0.00023180241259979084,1,2003-07-09
1,0.014038265915587544,0.0005434921768028289,2,2004-01-07
2,0.0022878619461802635,0.0012046883542401095,2,2004-01-07
3,0.0018100198275143547,0.00018375606547730664,2,2004-01-07
4,0.00152158279005172,0.00022143770183902234,2,2004-01-07
5,0.001318495520016378,0.00012050798977725208,2,2004-01-07
6,0.0011086361836143105,0.00012935435612841198,2,2004-01-07
7,0.0008960870493735586,0.0003173992154188454,2,2004-01-07
8,0.0008287712119649118,0.00012068260063339646,2,2004-01-07
9,0.0008836534231834646,0.00011063916463172063,2,2004-01-07
10,0.0006764276513422374,0.0002501670630105461,2,2004-01-07
11,0.0006408702169470157,9.848633150492485e-05,2,2004-01-07
12,0.0007065586936992726,0.00017333883927979818,2,2004-01-07
13,0.0006009774993539654,6.652696053303468e-05,2,2004-01-07
14,0.0005301764488519568,0.00011998328409390524,2,2004-01-07
15,0.0004466361237323976,0.00011131374534064283,2,2004-01-07
16,0.0004726208413298342,9.812620070685323e-05,2,2004-01-07
17,0.0003953328913277281,0.0002313154594351848,2,2004-01-07
1,0.017067220356936256,0.00019719526365709802,3,2004-07-09
2,0.002216332871466875,7.22830858042774e-05,3,2004-07-09
3,0.0016104628487179677,6.519326416309923e-05,3,2004-07-09
4,0.0012645971029996872,0.00013103611127007753,3,2004-07-09
5,0.0009986998202900091,8.094872706957783e-05,3,2004-07-09
6,0.000878187835526963,5.171364925142067e-05,3,2004-07-09
7,0.0008410477079451084,8.634850261538911e-05,3,2004-07-09
8,0.0007414983624281983,0.00023933303115578988,3,2004-07-09
9,0.000707081111613661,4.8950338774981596e-05,3,2004-07-09
10,0.0006741479660073916,5.452356344903819e-05,3,2004-07-09
11,0.0006062971932503084,9.002129566700508e-05,3,2004-07-09
12,0.0005909377844848981,5.2460591784135126e-05,3,2004-07-09
13,0.0005178065737709403,6.00337989453692e-05,3,2004-07-09
1,0.01011321903206408,0.0009732345157923797,4,2005-01-06
2,0.0021752974374548476,0.00029389977620060864,4,2005-01-06
3,0.0015247248024131883,0.0003285380662418902,4,2005-01-06
4,0.0011691590223242255,0.0001983131563368564,4,2005-01-06
5,0.0009353384923409013,8.702227690567572e-05,4,2005-01-06
6,0.0007917302941410419,0.00011832778909592889,4,2005-01-06
7,0.0007652420043835745,0.0002845000756982093,4,2005-01-06
8,0.0007017389049424845,0.00043950813900058466,4,2005-01-06
9,0.0006468829524237663,0.00012370718468446285,4,2005-01-06
1,0.01124262114325048,0.0014722362102475017,5,2005-07-08
2,0.001460216412516801,0.00015418910697917454,5,2005-07-08
3,0.0010859152381798548,9.698151916381903e-05,5,2005-07-08
4,0.0009990679651596828,0.00013250101073936094,5,2005-07-08
5,0.0009691749521727232,5.961629904049914e-05,5,2005-07-08
6,0.0009180407505482435,0.0002982803707709536,5,2005-07-08
7,0.0007482555382394869,8.066366899583954e-05,5,2005-07-08
8,0.000627881459781508,7.874394941609353e-05,5,2005-07-08
9,0.0005579048485838269,0.00016661193876643665,5,2005-07-08
1,0.008628999604843557,0.00046812629443593323,6,2006-01-06
2,0.0017505627038190141,0.00019220977264922112,6,2006-01-06
3,0.0010282580187777057,0.000132266408400028,6,2006-01-06
4,0.0007864639977924526,0.0001190496750496095,6,2006-01-06
5,0.0006343638757243753,0.00015062532656884287,6,2006-01-06
6,0.0005117980967042967,6.948736790945986e-05,6,2006-01-06
7,0.00044220037816558035,0.00014530482440022752,6,2006-01-06
8,0.000406946666771546,6.016775023454102e-05,6,2006-01-06
9,0.0003462837266852148,4.890980744676199e-05,6,2006-01-06
10,0.00032451992010464894,0.0001419226173311472,6,2006-01-06
11,0.00030486490577459336,0.00012057392450515181,6,2006-01-06
12,0.0002888645620259922,8.3503302448662e-05,6,2006-01-06
13,0.0002875842110370286,6.163727448438294e-05,6,2006-01-06
1,0.01154846116498282,0.000851517885166686,7,2006-07-10
2,0.0014951746455732393,0.00015409713887493126,7,2006-07-10
3,0.0011939197138417512,0.0001112275967898313,7,2006-07-10
4,0.0010521058151921766,0.00011293249190202914,7,2006-07-10
5,0.0008778889631767842,7.171333982114447e-05,7,2006-07-10
6,0.0007965705087620088,7.11261309334077e-05,7,2006-07-10
7,0.0007335478016598659,6.351798947434872e-05,7,2006-07-10
8,0.000592139782384038,8.880425502866274e-05,7,2006-07-10
9,0.0005391010345192626,7.210028070403496e-05,7,2006-07-10
10,0.0004634057814572853,7.015639857854694e-05,7,2006-07-10
11,0.00040328000944679263,0.00012837545909860637,7,2006-07-10
1,0.013442121795378625,0.00039997876738198104,8,2007-01-09
2,0.0019347116952606787,0.00037087279197294264,8,2007-01-09
3,0.0014377612630293395,0.00010543681783019565,8,2007-01-09
4,0.0012692447974889849,0.0001257782249012962,8,2007-01-09
5,0.0010034462126592796,7.580880555906333e-05,8,2007-01-09
6,0.000816916781332111,7.431645717588253e-05,8,2007-01-09
7,0.0007274422338620449,5.4495021686307155e-05,8,2007-01-09
8,0.0006934790205074629,4.319322324590758e-05,8,2007-01-09
9,0.0005622127415942183,4.570092205540277e-05,8,2007-01-09
10,0.000495186677047362,5.3878653125138955e-05,8,2007-01-09
11,0.00047810195853041176,4.155906390224118e-05,8,2007-01-09
12,0.0004884208077176785,0.00012034287210553885,8,2007-01-09
13,0.000518486581616647,6.800040537200403e-05,8,2007-01-09
14,0.0004911912643971542,3.633278010966024e-05,8,2007-01-09
15,0.00040108572829922196,0.0001285728852963075,8,2007-01-09
16,0.00034181069228604127,7.34965011361055e-05,8,2007-01-09
17,0.00036409379087369115,3.575776318029966e-05,8,2007-01-09
18,0.0003455410648408967,5.01406528201187e-05,8,2007-01-09
19,0.00032788450698717497,0.00010896025778492913,8,2007-01-09
20,0.00031725306204558973,4.548975775833242e-05,8,2007-01-09
21,0.0003085988209932111,4.209986618661787e-05,8,2007-01-09
1,0.008497975124046207,0.0001816497548134066,9,2007-07-11
2,0.0014959550695493816,0.0004077444551512599,9,2007-07-11
3,0.001198037809226662,0.00017671336245257409,9,2007-07-11
4,0.0009216213645413518,0.00026669686267268846,9,2007-07-11
5,0.0007970940694212913,0.00013127719867043198,9,2007-07-11
6,0.0006733101047575474,7.545537227997557e-05,9,2007-07-11
7,0.0005881075281649828,0.000102903378137853,9,2007-07-11
8,0.00047356319963000717,0.00011512402998050674,9,2007-07-11
9,0.0004232255613896996,5.3699867567047474e-05,9,2007-07-11
10,0.00038332763768266886,5.208563452470116e-05,9,2007-07-11
11,0.00032925735344178973,0.0001476100558647886,9,2007-07-11
12,0.0003034981951350346,6.170949345687404e-05,9,2007-07-11
13,0.0002896492090076208,6.185476740938611e-05,9,2007-07-11
14,0.00029149339825380595,6.240778384380974e-05,9,2007-07-11
1,0.008667397692247673,0.0007982850424014032,10,2008-01-09
2,0.0017519073164159501,0.00024199636827688665,10,2008-01-09
3,0.0012898885459570145,0.000226999944425188,10,2008-01-09
4,0.0008292412105085397,0.00014602378651034086,10,2008-01-09
5,0.0006542021432391333,0.00023601322318427264,10,2008-01-09
6,0.0005619108732962222,0.000157807650975883,10,2008-01-09
7,0.0004695024528902852,0.00014513104397337884,10,2008-01-09
8,0.0004054429462283022,0.00016694186779204757,10,2008-01-09
9,0.0003810871206008381,0.00011191243247594684,10,2008-01-09
10,0.00035310044337098523,0.000136124411073979,10,2008-01-09
11,0.00035816767248669985,0.00012548031518235802,10,2008-01-09
12,0.0003190849065841003,0.00011810888245236128,10,2008-01-09
13,0.00028824887003456415,0.00010329672622901853,10,2008-01-09
14,0.00028895128720991863,0.00010591209938866086,10,2008-01-09
15,0.00026679820169832693,0.00011195693004992791,10,2008-01-09
16,0.0002609777314959232,0.0001883170392829925,10,2008-01-09
17,0.0002529650632317902,0.00010233311622869224,10,2008-01-09
18,0.00023499283297159882,0.00012886126060038806,10,2008-01-09
19,0.00021924039713296765,0.00011440061498433352,10,2008-01-09
20,0.00021499581042142517,0.00010860694892471656,10,2008-01-09
21,0.00019910639632682973,0.0001164076675195247,10,2008-01-09
1,0.007312317780251133,0.0005851894791703671,11,2008-07-10
2,0.0013470772135970664,0.00031855221604928376,11,2008-07-10
3,0.0010689117359639756,0.0002211621220340021,11,2008-07-10
4,0.0008414020934463318,0.0002072845702059567,11,2008-07-10
5,0.0006722286353610327,0.00019304565794300287,11,2008-07-10
6,0.0005832867418889534,0.0001933770763571374,11,2008-07-10
7,0.00046174484204725716,0.00021161178592592477,11,2008-07-10
8,0.00044346612713556607,0.0001712618221063167,11,2008-07-10
9,0.00038258600147071713,0.00019170046725776048,11,2008-07-10
10,0.00033687783409199065,0.00017789349221857264,11,2008-07-10
11,0.00030293946750542343,0.0001479531652876176,11,2008-07-10
12,0.00029905638426686796,0.00014893518819008021,11,2008-07-10
13,0.0002684244024968738,0.00015115280984900892,11,2008-07-10
14,0.00024673881175815417,0.0001617020388948731,11,2008-07-10
15,0.00024338344368955185,0.00015320186503231525,11,2008-07-10
1,0.009823898536463578,0.0008795475053678578,12,2009-01-08
2,0.0014851793452786903,0.0005478100016868362,12,2009-01-08
3,0.0009600711249125501,0.0005375694793959459,12,2009-01-08
4,0.0007028071209788323,0.0008206568939688926,12,2009-01-08
5,0.0005299400179258858,0.0007325129481614567,12,2009-01-08
6,0.000399181903533948,0.0007438301884879669,12,2009-01-08
7,0.0003432152783110117,0.0006673290869609142,12,2009-01-08
1,0.007929978273750748,0.000792509910146085,13,2009-07-10
2,0.0013748435158049688,0.0008428400372698283,13,2009-07-10
3,0.000865594411152415,0.0006970467535817685,13,2009-07-10
4,0.0006180318496262771,0.0007236416640807875,13,2009-07-10
5,0.00048267772581311874,0.0007052325818222016,13,2009-07-10
6,0.00038319082796078874,0.0006232476031679349,13,2009-07-10
7,0.0003558687540134997,0.0005952217882925955,13,2009-07-10
8,0.00028225182268215576,0.0005950509706356873,13,2009-07-10
9,0.00026229584000247996,0.0006211672759188028,13,2009-07-10
10,0.00023410054291161941,0.0006165730616582247,13,2009-07-10
11,0.00021460710149767692,0.0006857142458708646,13,2009-07-10
12,0.00020896364912914578,0.0006081094519079974,13,2009-07-10
1,0.01032100771622294,0.0008528040683207413,14,2010-01-08
2,0.0015843914623153122,0.0006870283784034351,14,2010-01-08
3,0.0014368050375624614,0.0006987033290594505,14,2010-01-08
4,0.0010248509215136222,0.0008527457199913139,14,2010-01-08
5,0.0007441702113925096,0.0006332189938499747,14,2010-01-08
6,0.0005757179152330055,0.0006399472719446445,14,2010-01-08
7,0.00045282988524858784,0.0006945970308152027,14,2010-01-08
8,0.00039214378792915824,0.0006593910366063938,14,2010-01-08
9,0.000329824051946429,0.0006012774368476433,14,2010-01-08
10,0.00030672017430119654,0.0006003047164995223,14,2010-01-08
11,0.0002752902052152957,0.0006076537429180462,14,2010-01-08
12,0.0002522720242268406,0.000585901617644898,14,2010-01-08
13,0.00022630257829886805,0.0006334702811727766,14,2010-01-08
14,0.0002233908072572804,0.0006179752454045229,14,2010-01-08
15,0.00021303978685275926,0.0005974402459590541,14,2010-01-08
16,0.0002117817198535811,0.0005999712714886604,14,2010-01-08
1,0.005963226198218763,0.00033865647648261595,15,2010-07-12
2,0.0011826153994271798,0.00037574838331368355,15,2010-07-12
3,0.0008787859929725528,0.00026601937965356877,15,2010-07-12
4,0.0005652694289372968,0.00033046008112640787,15,2010-07-12
5,0.00046341437763268396,0.0003495894041926866,15,2010-07-12
6,0.0003943017147581226,0.00023749611552505354,15,2010-07-12
7,0.000331135987237628,0.00026479485677555203,15,2010-07-12
8,0.00030989372296192285,0.0002474916795368439,15,2010-07-12
9,0.00029214831010904163,0.00024785576845585765,15,2010-07-12
10,0.0002710253179040072,0.0002457463290608887,15,2010-07-12
1,0.007857813134890151,0.0002887621563526669,16,2011-01-07
2,0.001268628372722683,0.000189253272505344,16,2011-01-07
3,0.0008967339401007504,0.00017219454769344469,16,2011-01-07
4,0.0006431085828414842,0.00021210745762800798,16,2011-01-07
5,0.0004914030314712609,0.00015248117519409528,16,2011-01-07
6,0.00043650211316432705,0.00022046645608497784,16,2011-01-07
7,0.0004063521954702918,0.00012297736299972582,16,2011-01-07
8,0.00032859351965787545,0.0001323482533085293,16,2011-01-07
9,0.0003248951173658055,0.00013976164856493206,16,2011-01-07
10,0.00030343753295145124,0.00012659354459693923,16,2011-01-07
11,0.00030020647603590543,0.00012857805787851767,16,2011-01-07
1,0.009209387974503139,0.00020338424656074494,17,2011-07-11
2,0.0015635375076761614,0.00014723182331571088,17,2011-07-11
3,0.0010378578504642998,0.00011592334132209154,17,2011-07-11
4,0.0007492912476524138,0.00013677253965787322,17,2011-07-11
5,0.0005874849672321803,0.00017657592044478015,17,2011-07-11
6,0.0004972020807401397,0.00010562546646854441,17,2011-07-11
7,0.00043183316936334356,0.00010932935921508553,17,2011-07-11
8,0.00039418033907751145,0.00015666490279337659,17,2011-07-11
9,0.00036277079944295855,0.00011429842249656628,17,2011-07-11
10,0.0003526680841624068,0.00015892056606909527,17,2011-07-11
1,0.005696472077397629,0.00028987072118979995,18,2012-01-09
2,0.00123514742590487,0.00018269023712491617,18,2012-01-09
3,0.0007748886142508127,0.0001791791205505433,18,2012-01-09
4,0.0005506853070983197,0.00017070368721761042,18,2012-01-09
5,0.0004357093777798582,0.00017498410124971997,18,2012-01-09
6,0.00037074980718898587,0.00019956007417931687,18,2012-01-09
7,0.0003634941091149813,0.00017212199918503757,18,2012-01-09
8,0.00032223174057435246,0.00017768517773220083,18,2012-01-09
1,0.0050114093159901955,0.0010717491281866387,19,2012-07-10
2,0.0010170370750572709,0.0008680657947479631,19,2012-07-10
3,0.0005940459412245435,0.0011212355639145244,19,2012-07-10
4,0.00044514776146527203,0.001012937706491357,19,2012-07-10
5,0.00035786942524802204,0.0010786843840833171,19,2012-07-10
6,0.0003139491243581731,0.0012150283482696977,19,2012-07-10
1,0.0063430561382450505,0.00036379652010509744,20,2013-01-10
2,0.0013299035966734994,0.0002872443001251668,20,2013-01-10
3,0.0009894302056636661,0.000305997591567575,20,2013-01-10
4,0.0006647394918466241,0.00023346400485024787,20,2013-01-10
5,0.0005058919592887502,0.0001761328530847095,20,2013-01-10
6,0.0004095249711430039,0.00017762335573934251,20,2013-01-10
7,0.00035933474943951956,0.00018911337701865705,20,2013-01-10
8,0.0003359640547635288,0.00015167282026595785,20,2013-01-10
9,0.0003154295521777716,0.00015208736158456304,20,2013-01-10
10,0.00027711442155784675,0.0001782657664080034,20,2013-01-10
11,0.0002714850667292591,0.00015840286687307525,20,2013-01-10
12,0.0002636888520183592,0.00014553093024005648,20,2013-01-10
13,0.00024296630726894364,0.0001473833722229756,20,2013-01-10
14,0.000247243839773794,0.0001763798118190607,20,2013-01-10
15,0.00024154715191054328,0.00016056086224125465,20,2013-01-10
16,0.0002346624248523519,0.00014122536185823265,20,2013-01-10
17,0.00021523747107659636,0.00014438394964599865,20,2013-01-10
18,0.00022864835607999174,0.0001493090076110093,20,2013-01-10
19,0.00021180923381920863,0.0001480557739341748,20,2013-01-10
20,0.0002107457079215568,0.000140964972160873,20,2013-01-10
21,0.00020326586937616494,0.00014135943638393655,20,2013-01-10
22,0.00021627675960189663,0.000149985334246594,20,2013-01-10
23,0.00020843402969396928,0.00014200190798874246,20,2013-01-10
24,0.00021062332201505672,0.00014331915463117184,20,2013-01-10
1,0.009972019444426728,0.0009533589291095268,21,2013-07-12
2,0.001486615098029789,0.000669124923661002,21,2013-07-12
3,0.0009093943582330313,0.0006968623429202125,21,2013-07-12
4,0.0007146932973733378,0.0004918289305351209,21,2013-07-12
5,0.0005910237074001795,0.0004748687115352368,21,2013-07-12
6,0.00046713920116114117,0.0005403875265983515,21,2013-07-12
7,0.0004336338089261618,0.0004405180161484168,21,2013-07-12
8,0.00040422818403587575,0.0004441998385118495,21,2013-07-12
9,0.0003773948785641955,0.00044088852791901445,21,2013-07-12
10,0.00035556995685005353,0.000464574693069153,21,2013-07-12
11,0.0003255937144988113,0.0005360405680221447,21,2013-07-12
1,0.006287915015375202,0.0023069920813820013,22,2014-01-10
2,0.0011289356254100642,0.0028257165043517793,22,2014-01-10
3,0.0006629783880619451,0.0035760478333233753,22,2014-01-10
4,0.00046847109742304113,0.004722019141708087,22,2014-01-10
5,0.00038237767938048914,0.005581301385569127,22,2014-01-10
1,0.004391791690996259,0.0006469474594470941,23,2014-07-14
2,0.001162398554270669,0.0002092202048515901,23,2014-07-14
3,0.0007006575357007357,0.00014992472804604203,23,2014-07-14
4,0.0004888798457057197,0.0001106011517953852,23,2014-07-14
5,0.00039411982199490754,0.0002054229181440961,23,2014-07-14
6,0.0003694524183425083,0.00013604757380865826,23,2014-07-14
7,0.00030602623348608993,8.71911247991698e-05,23,2014-07-14
8,0.0003061495936352151,9.191423002145409e-05,23,2014-07-14
9,0.0002755934374920111,9.119852176000777e-05,23,2014-07-14
10,0.0002545010150298571,7.882540901644259e-05,23,2014-07-14
11,0.00024761098653211126,8.603582884663613e-05,23,2014-07-14
12,0.00024250765688650842,9.097241167587021e-05,23,2014-07-14
13,0.00023441101995781444,7.822265211466906e-05,23,2014-07-14
14,0.00022442869655550364,7.447966224087092e-05,23,2014-07-14
15,0.00021458655249503232,9.452459764563375e-05,23,2014-07-14
16,0.00020683022754680252,0.00010489537857615182,23,2014-07-14
17,0.00020239348891571316,7.13421559339622e-05,23,2014-07-14
18,0.00019610495819135247,7.204004396044184e-05,23,2014-07-14
19,0.0001964155175932208,7.650614235090971e-05,23,2014-07-14
20,0.00019546142661687444,8.742613620900859e-05,23,2014-07-14
21,0.0002005471598786986,6.892071016611428e-05,23,2014-07-14
22,0.00018915514292715746,6.919542000913579e-05,23,2014-07-14
23,0.0001900412248223616,7.613452625163417e-05,23,2014-07-14
24,0.00019026133861411743,6.854060241797318e-05,23,2014-07-14
25,0.00019725238086479925,6.58328606530429e-05,23,2014-07-14
1,0.0041563664877321575,0.00011806207395339798,24,2015-01-12
2,0.000818298077210784,0.00013645841439332193,24,2015-01-12
3,0.0005612444004509598,8.153564461584513e-05,24,2015-01-12
4,0.0004269020282663405,8.957006422052573e-05,24,2015-01-12
5,0.00036719159164931624,6.444307372374978e-05,24,2015-01-12
6,0.0003451676046825014,7.126000653240933e-05,24,2015-01-12
7,0.00030432159226620567,7.176466210189069e-05,24,2015-01-12
8,0.0002916924242163077,5.9955004770826134e-05,24,2015-01-12
9,0.0002653812279459089,0.00010192297728887449,24,2015-01-12
10,0.0002571885922225192,5.992901464600841e-05,24,2015-01-12
11,0.0002458449697587639,5.981246835694442e-05,24,2015-01-12
12,0.0002342290902743116,5.697460801457055e-05,24,2015-01-12
13,0.0002284842837252654,6.933042378578748e-05,24,2015-01-12
14,0.00022872578556416557,7.562821135959691e-05,24,2015-01-12
15,0.00021303780435118823,5.5749654873377746e-05,24,2015-01-12
16,0.000210648517095251,5.5915737902978435e-05,24,2015-01-12
17,0.00020283815450966358,5.577782293484132e-05,24,2015-01-12
18,0.00020337102949270048,5.492068642827993e-05,24,2015-01-12
19,0.00019711373111931608,5.625754420179874e-05,24,2015-01-12
20,0.00019601985535700806,5.5955186730393005e-05,24,2015-01-12
21,0.00019494462263537572,5.719269069636034e-05,24,2015-01-12
22,0.00019476369227049872,5.527223968076416e-05,24,2015-01-12
1,0.00660507094177704,0.00011109287224826403,25,2015-07-14
2,0.0011478517329893433,0.0001318889422691427,25,2015-07-14
3,0.0006751974209552058,6.801399504183792e-05,25,2015-07-14
4,0.0004727667988985419,8.25133563921554e-05,25,2015-07-14
5,0.0003792350118881306,0.00011032646798412316,25,2015-07-14
6,0.0003222831921728077,6.981586702750064e-05,25,2015-07-14
7,0.00029626621611756633,6.190763269842137e-05,25,2015-07-14
8,0.00026396939462686604,6.117063094279729e-05,25,2015-07-14
9,0.0002487663273663762,6.49447971227346e-05,25,2015-07-14
10,0.0002239359598136686,5.987877011648379e-05,25,2015-07-14
11,0.00021671188187610824,6.145161496533547e-05,25,2015-07-14
12,0.00020882712585891847,5.4808272761874835e-05,25,2015-07-14
13,0.00020516666350326536,7.06049602740677e-05,25,2015-07-14
14,0.00020545835160681655,5.5437611808883955e-05,25,2015-07-14
15,0.00020186087525731776,7.240654231281951e-05,25,2015-07-14
16,0.00019355756446132617,5.4345687021850606e-05,25,2015-07-14
17,0.0001943974229316854,5.6778627549647356e-05,25,2015-07-14
18,0.00018929402022667302,5.4131665456225166e-05,25,2015-07-14
19,0.0001852376451727021,5.376218687160872e-05,25,2015-07-14
20,0.00018924274739289942,6.010887082084082e-05,25,2015-07-14
21,0.00018385614818656066,6.141305639175698e-05,25,2015-07-14
22,0.0001849494817109259,5.700727742805611e-05,25,2015-07-14
23,0.0001836923623229198,5.415339946921449e-05,25,2015-07-14
1,0.003833141479710186,0.0001960844863788225,26,2016-01-12
2,0.00093298747756139,0.00014798007177887484,26,2016-01-12
3,0.0005303517542348278,0.0001368853816529736,26,2016-01-12
4,0.00034938448974302175,8.852491882862523e-05,26,2016-01-12
5,0.0002904501522641146,8.740101839066483e-05,26,2016-01-12
6,0.00025859996040472415,8.699318386788946e-05,26,2016-01-12
7,0.00024408268358523923,8.417860517511145e-05,26,2016-01-12
8,0.00022945004160714302,0.00010657591265044175,26,2016-01-12
9,0.0002233449060306022,8.537150679330808e-05,26,2016-01-12
10,0.00021784871959998445,8.981206883618142e-05,26,2016-01-12
11,0.00020523903704425147,9.10818107513478e-05,26,2016-01-12
1,0.006347490828060969,0.0001826629253628198,27,2016-07-13
2,0.001187688041351397,0.000145949392390321,27,2016-07-13
3,0.0007580507980574938,0.00015127058723010122,27,2016-07-13
4,0.0005203698311974718,0.00019537906191544608,27,2016-07-13
5,0.0004281612658153542,0.00010710911155911162,27,2016-07-13
6,0.00035225874585607513,8.997680124593899e-05,27,2016-07-13
7,0.00030601667240262034,8.36226226965664e-05,27,2016-07-13
8,0.00029526411090046166,8.750309061724692e-05,27,2016-07-13
9,0.0002837535837898031,8.220326162700076e-05,27,2016-07-13
10,0.00026320524550762706,9.925998056132812e-05,27,2016-07-13
11,0.0002394480112178082,0.00010015258521889336,27,2016-07-13
12,0.00023627437741114674,8.04896475528949e-05,27,2016-07-13
13,0.00022454959239853037,8.089686962193809e-05,27,2016-07-13
14,0.0002216371850491586,8.108130969048943e-05,27,2016-07-13
15,0.00020753975338514216,8.11562167655211e-05,27,2016-07-13
16,0.0002075454095823013,8.004556293599308e-05,27,2016-07-13
17,0.0001972159184250896,8.523099677404389e-05,27,2016-07-13
18,0.00019538982953897424,8.36307619465515e-05,27,2016-07-13
19,0.0001943608060669662,8.211558088078164e-05,27,2016-07-13
20,0.0001920774383258752,8.00466967120883e-05,27,2016-07-13
1,0.004644964158886292,0.0002150087464542594,28,2017-01-11
2,0.0008538441616110504,0.00016402095352532342,28,2017-01-11
3,0.0005433623160219245,0.00011503575078677386,28,2017-01-11
4,0.0004165703583949883,0.000139444039814407,28,2017-01-11
5,0.0003557591244635548,8.390341899939812e-05,28,2017-01-11
6,0.0003225950939323459,0.00011861526145366952,28,2017-01-11
7,0.0002842186010655081,8.240623719757423e-05,28,2017-01-11
8,0.0002462876597603195,8.226246318372432e-05,28,2017-01-11
9,0.0002421310315472319,0.0001597763672180008,28,2017-01-11
10,0.00023695314047743747,7.713371160207316e-05,28,2017-01-11
11,0.00021981716022230358,7.86721364420373e-05,28,2017-01-11
12,0.00021586509338751631,7.728969903837424e-05,28,2017-01-11
13,0.00020995784105157087,8.047484152484685e-05,28,2017-01-11
14,0.00019807875395870948,8.374677854590118e-05,28,2017-01-11
1,0.003222768146631513,0.0001321419936588923,29,2017-07-13
2,0.0005310987967354546,8.254425053812817e-05,29,2017-07-13
3,0.0003339504192670081,8.394262311577967e-05,29,2017-07-13
4,0.00027635278795861594,0.0001509197371144017,29,2017-07-13
5,0.00024327170177781165,7.18957450193226e-05,29,2017-07-13
6,0.00021612873449882144,7.008017680411946e-05,29,2017-07-13
7,0.000201550092643336,7.7424237712297e-05,29,2017-07-13
8,0.0002022905175828659,6.759799758914265e-05,29,2017-07-13
9,0.00019294767338640483,7.159873149992728e-05,29,2017-07-13
10,0.00018805557069214755,0.00010724337533412671,29,2017-07-13
11,0.00018439710303505693,6.940307007012466e-05,29,2017-07-13
12,0.00017579501298437748,6.707939296161798e-05,29,2017-07-13
13,0.00017638092168006982,7.19582954347557e-05,29,2017-07-13
14,0.0001739914804278731,6.668736023129895e-05,29,2017-07-13
15,0.00017126723561609574,7.163689836240586e-05,29,2017-07-13
16,0.00016932108553453995,6.647330635380719e-05,29,2017-07-13
17,0.0001678895627018222,6.666142557647122e-05,29,2017-07-13
18,0.00016679417036603977,6.682678461154204e-05,29,2017-07-13
19,0.00017027760253058967,6.745135347459423e-05,29,2017-07-13
20,0.0001706446464749653,7.970850426566109e-05,29,2017-07-13
1,0.0069116483423082775,0.0002534436247184534,30,2018-01-11
2,0.001080017231288366,8.946259318194775e-05,30,2018-01-11
3,0.0007199818394534911,8.798040024967949e-05,30,2018-01-11
4,0.000550107564292072,7.022244641451503e-05,30,2018-01-11
5,0.0004559371828994093,7.428209325801369e-05,30,2018-01-11
6,0.00036239798112850015,6.851603624950671e-05,30,2018-01-11
7,0.0002899488577289352,6.302768030185358e-05,30,2018-01-11
8,0.00026770559124997815,7.213188308180014e-05,30,2018-01-11
9,0.0002461153662200862,6.067969512845263e-05,30,2018-01-11
10,0.0002277388116150784,5.901078442217443e-05,30,2018-01-11
11,0.00021138581760169473,5.91775678913109e-05,30,2018-01-11
12,0.000204566710817744,6.665770557777829e-05,30,2018-01-11
13,0.00019712482911321178,5.875370094475908e-05,30,2018-01-11
14,0.00018756207658346586,5.9072765824649565e-05,30,2018-01-11
15,0.0001859135056292871,5.856860165791163e-05,30,2018-01-11
16,0.00018258997915836516,6.228504637626678e-05,30,2018-01-11
17,0.0001744671759903819,6.081184503934558e-05,30,2018-01-11
18,0.00017419395092777752,6.105327966824089e-05,30,2018-01-11
19,0.0001706750652374467,5.7995174756797496e-05,30,2018-01-11
20,0.00017070628515890955,5.798952869637023e-05,30,2018-01-11
21,0.00017053124029189348,5.9414684818131555e-05,30,2018-01-11
22,0.00016709473347873428,6.182969942032783e-05,30,2018-01-11
23,0.00016571032914119616,6.451989479087801e-05,30,2018-01-11
24,0.00016598309242302396,5.996296898625918e-05,30,2018-01-11
1,0.0040120666540573325,0.0002220620768970217,31,2018-07-13
2,0.0008813661101627194,0.00017216637934325263,31,2018-07-13
3,0.0006073297310297587,0.00013397278433496302,31,2018-07-13
4,0.00045643534160204113,0.00019083701772615314,31,2018-07-13
5,0.00037910973074876015,0.0001298116985708475,31,2018-07-13
6,0.0003306073450667393,0.00018950252904853022,31,2018-07-13
7,0.0002919983437036975,8.854427208213814e-05,31,2018-07-13
8,0.0002728448291177741,7.233986583411355e-05,31,2018-07-13
9,0.000258755311088246,6.763493332652037e-05,31,2018-07-13
10,0.00022694709191602023,6.526464196874507e-05,31,2018-07-13
11,0.00021449161267223497,7.843194080950607e-05,31,2018-07-13
12,0.00020514004990541105,6.1012084684493445e-05,31,2018-07-13
13,0.00019447978869016703,6.366198745540301e-05,31,2018-07-13
14,0.00019120560295226414,6.10125610943545e-05,31,2018-07-13
15,0.00018218315885713956,7.160594296609898e-05,31,2018-07-13
16,0.00018319951073687162,6.442476577913939e-05,31,2018-07-13
1,0.0061266757493285695,0.00019842870460706763,32,2019-01-14
2,0.0012324973868089728,0.00013313539238879457,32,2019-01-14
3,0.0008636868797111674,8.69195260596219e-05,32,2019-01-14
4,0.0005939778829997522,0.00010073446871198637,32,2019-01-14
5,0.0005048826164966158,0.0001722876913845539,32,2019-01-14
6,0.00041209984419765533,7.811587465766934e-05,32,2019-01-14
7,0.00038776253290961904,0.00013831562470537997,32,2019-01-14
8,0.0003269425612870691,8.936627273214981e-05,32,2019-01-14
9,0.0002924945117683819,0.00010142500256430746,32,2019-01-14
10,0.00027723217885977647,7.767192755636643e-05,32,2019-01-14
11,0.0002682650297174405,7.923183648017584e-05,32,2019-01-14
12,0.00024212106563936686,7.630529959593939e-05,32,2019-01-14
13,0.00022112246688266168,9.79145249099626e-05,32,2019-01-14
14,0.00022037627718418662,7.901460685388884e-05,32,2019-01-14
15,0.00020538623243737675,7.65683950400368e-05,32,2019-01-14
16,0.0002046680832563652,8.026847081055166e-05,32,2019-01-14
1,0.004180467505760205,0.00010851909792108927,33,2019-07-16
2,0.0006677511766051444,8.760421557478064e-05,33,2019-07-16
3,0.00040147873111821424,9.189898052378946e-05,33,2019-07-16
4,0.0003482771600829437,7.154810600695782e-05,33,2019-07-16
5,0.0002879542918750443,8.171574639466901e-05,33,2019-07-16
6,0.00027496684969474487,0.00010586734212362596,33,2019-07-16
7,0.00023754854460443872,6.471603395160248e-05,33,2019-07-16
8,0.00021858776812083445,7.751190090251232e-05,33,2019-07-16
9,0.00020517507946351543,6.3036867838188e-05,33,2019-07-16
10,0.00019554630013702152,6.696269792882958e-05,33,2019-07-16
11,0.0001900592992359844,6.373918677127222e-05,33,2019-07-16
12,0.00018112888400747369,7.486655310155281e-05,33,2019-07-16
13,0.00017460724014269476,6.440498267086998e-05,33,2019-07-16
1,0.004259556741279953,0.00012962191431142855,34,2020-01-14
2,0.0006851787051644677,7.835029767496356e-05,34,2020-01-14
3,0.00039715208864680475,7.21830977757539e-05,34,2020-01-14
4,0.0003154767191110512,7.054385059745982e-05,34,2020-01-14
5,0.00027583629577490154,7.30982201275765e-05,34,2020-01-14
6,0.00023930734622903835,6.57632558613841e-05,34,2020-01-14
7,0.00021498072405915652,6.618354776340614e-05,34,2020-01-14
8,0.00020492319293483508,0.00010764343399690308,34,2020-01-14
9,0.00019826828880033999,7.488747860406875e-05,34,2020-01-14
10,0.00018485836205142203,0.0001354224811317787,34,2020-01-14
1,0.004160442178650503,0.0005309247034557092,35,2020-07-15
2,0.0006631270571497093,0.00036032129215667595,35,2020-07-15
3,0.00041859686957584506,0.00021077568313697926,35,2020-07-15
4,0.0003009011531991047,0.00025703633610436763,35,2020-07-15
5,0.00025578237124347544,0.00019683053520006628,35,2020-07-15
6,0.0002476614676382177,0.00019033111983354992,35,2020-07-15
7,0.00021016410523704997,0.00020301352784512207,35,2020-07-15
8,0.0001993567610675793,0.00020206733433252128,35,2020-07-15
9,0.00019264963961229998,0.00018884908296548438,35,2020-07-15
10,0.00018207302966165236,0.00019757387613376172,35,2020-07-15
11,0.00018096295589466405,0.00018798208363407937,35,2020-07-15
12,0.00017691796465837598,0.00020726945191339697,35,2020-07-15
13,0.00017119456026483786,0.00018876570972609514,35,2020-07-15
14,0.0001658700441138522,0.0001881761222298687,35,2020-07-15
15,0.00016589355094027638,0.00019377715817916815,35,2020-07-15
1,0.0031182974709996155,0.00022814501482151591,36,2021-01-13
2,0.0004822556796300757,0.00022215055790953696,36,2021-01-13
3,0.00030062180157983673,0.00020720040209618254,36,2021-01-13
4,0.0002467705082381144,0.00028637269077500183,36,2021-01-13
5,0.00021705889126418957,0.00020360521319581984,36,2021-01-13
6,0.00020514854997080484,0.00020218949906008603,36,2021-01-13
7,0.00018662362968565764,0.0002026024479933907,36,2021-01-13
8,0.00017595029192826977,0.00020423195578936988,36,2021-01-13
9,0.00016899060418446816,0.00020222113548348157,36,2021-01-13
10,0.00016415324301176173,0.00020076207678917295,36,2021-01-13
11,0.00016169543825006778,0.00021612582433870278,36,2021-01-13
12,0.00015651693725625852,0.00020291810687922407,36,2021-01-13
13,0.00015529097415440318,0.0002024140983569221,36,2021-01-13
14,0.0001539944414357056,0.00020354321420130035,36,2021-01-13
1,0.0048302798822987825,0.0003020194848291934,37,2021-07-15
2,0.0008045184974131795,0.00021145189132836933,37,2021-07-15
3,0.0005476208934851456,0.00024930613905710814,37,2021-07-15
4,0.0003852286517940229,0.0002244476373352182,37,2021-07-15
5,0.00033765853630838037,0.00020025200977285678,37,2021-07-15
6,0.00029005277469372633,0.00019689543982027457,37,2021-07-15
7,0.0002671833117346978,0.00019972326201521076,37,2021-07-15
8,0.0002310246580034598,0.000199733233715121,37,2021-07-15
9,0.0002137562031647475,0.0002458824299257965,37,2021-07-15
10,0.0001995311772083773,0.00021420363163297923,37,2021-07-15
1,0.003953528334072011,0.00025843711046036333,38,2022-01-12
2,0.0008027063257130165,0.00023765885634929873,38,2022-01-12
3,0.000599692390391578,0.0002241403042437294,38,2022-01-12
4,0.00045763243287109544,0.00021594037850893353,38,2022-01-12
5,0.0003634664071550769,0.0002093933677455285,38,2022-01-12
6,0.0003157128100881252,0.0002456966512209664,38,2022-01-12
7,0.0002854118641620074,0.00022392357249583045,38,2022-01-12
8,0.000258861059469259,0.00020753180265623645,38,2022-01-12
9,0.0002291385172685369,0.00021294167877036112,38,2022-01-12
10,0.00021193388995409287,0.00020747306580932884,38,2022-01-12
11,0.00019557739879756637,0.00020617373005594485,38,2022-01-12
12,0.00018275533777243155,0.00020489710018759628,38,2022-01-12
13,0.00017722034189736823,0.00020986256612769255,38,2022-01-12
14,0.00016983037484523438,0.00020281394245103002,38,2022-01-12
15,0.00016521275913849399,0.00021356740510852361,38,2022-01-12
16,0.0001630229695316253,0.00020240632427605585,38,2022-01-12
17,0.0001558713973625689,0.00020247289984791467,38,2022-01-12
18,0.00015592340875898386,0.00020262307897120572,38,2022-01-12
19,0.00015074110185220912,0.0002072445917852187,38,2022-01-12
20,0.0001521352560548867,0.0002020381515859089,38,2022-01-12
21,0.00014891498790962646,0.00020474033254476337,38,2022-01-12
22,0.00014931056314192057,0.00021102728155360988,38,2022-01-12
23,0.00014799107791347793,0.0002025179287906772,38,2022-01-12
24,0.00014547088141773348,0.00020490955830609892,38,2022-01-12
1,0.003930637295513103,0.0005234409719767947,39,2022-07-15
2,0.000617896207065011,0.00025061201033947455,39,2022-07-15
3,0.0003771736839553341,0.00022762836254384768,39,2022-07-15
4,0.00028319360630121084,0.0002231608214060543,39,2022-07-15
5,0.00024026163232823214,0.00021915954364106125,39,2022-07-15
6,0.0002104416850488633,0.00021114076402487366,39,2022-07-15
7,0.00019939173391321673,0.0002689789247857074,39,2022-07-15
8,0.00018587377960405623,0.00021845710268410455,39,2022-07-15
9,0.00017017424921505152,0.00020940889953635633,39,2022-07-15
10,0.00016226531889212007,0.00021000326237948945,39,2022-07-15
11,0.0001626598997002778,0.00021009568367194982,39,2022-07-15
12,0.00016473715028647956,0.00020973448876507713,39,2022-07-15
13,0.00015780085232108831,0.00021024049107966545,39,2022-07-15
1,0.004262169572077207,0.00027226486417930573,40,2023-01-13
2,0.0007304806343896629,0.00026905230645622524,40,2023-01-13
3,0.0004501757351832779,0.00024703473484675797,40,2023-01-13
4,0.00033139890568578836,0.00023587055537583574,40,2023-01-13
5,0.000263309817006751,0.00023745374944285556,40,2023-01-13
6,0.00023727157588234753,0.00026032220609652413,40,2023-01-13
7,0.0002165790972324064,0.00024757629892389687,40,2023-01-13
8,0.00019553233944968163,0.0002377700763775335,40,2023-01-13
1,0.003828186490956128,0.0003965722524818765,41,2023-07-18
2,0.0006951818815904044,0.00032086342304994887,41,2023-07-18
3,0.00045058941335971407,0.00026305061016630916,41,2023-07-18
4,0.00033577434649349107,0.0002431534256694639,41,2023-07-18
5,0.0002951248123603755,0.0002355523985378178,41,2023-07-18
6,0.0002616258628947861,0.00023235309267225342,41,2023-07-18
7,0.00023284776573204966,0.00023376360383865955,41,2023-07-18
8,0.00022356663230081573,0.00023233333610863025,41,2023-07-18
9,0.00020403067238372455,0.0002305694805337615,41,2023-07-18
10,0.00018738736105637765,0.00025064921153118903,41,2023-07-18
11,0.0001824492343835521,0.00023932699618204163,41,2023-07-18
12,0.00016934185351843393,0.0002584076698570113,41,2023-07-18
13,0.00017048119443182868,0.00023085910886168546,41,2023-07-18
1,0.003043932558648521,0.00023024521942716092,42,2024-01-17
2,0.00044525014927785376,0.00014506770263930473,42,2024-01-17
3,0.000295807335714926,0.00014203645053688282,42,2024-01-17
4,0.00023993957111088094,0.00011792836618648531,42,2024-01-17
5,0.00021369677533584764,0.00011646555625096273,42,2024-01-17
6,0.0001942717168276431,0.00011797261831816285,42,2024-01-17
7,0.00018841463679564185,0.00011983391559624578,42,2024-01-17
8,0.00017480145152148907,0.0001284347781620454,42,2024-01-17
9,0.00017276852750001127,0.00011562274897490473,42,2024-01-17
10,0.00016918204428293394,0.00011597927150432951,42,2024-01-17
11,0.00016512184838575196,0.00011679309633715699,42,2024-01-17
12,0.0001656781432302523,0.00011594237306174666,42,2024-01-17
13,0.00016307074947690124,0.00011485680261102971,42,2024-01-17
14,0.0001634059750358574,0.00011694104772080512,42,2024-01-17
15,0.00015980603907337355,0.00012113238772144541,42,2024-01-17
16,0.00016015039154808618,0.00011485717416993187,42,2024-01-17
17,0.00016015165356293438,0.00011450481676244332,42,2024-01-17
18,0.00016113793817567056,0.00011826500037083557,42,2024-01-17
19,0.00016059015852079028,0.00011591236313203505,42,2024-01-17
20,0.00015952317480696365,0.00012062107222542788,42,2024-01-17
21,0.00015970727399690078,0.00011456871482854089,42,2024-01-17
1,0.0035191162932300714,0.00022877830876192698,43,2024-07-18
2,0.0005448196575232986,0.00021394485568938156,43,2024-07-18
3,0.00035317992279022115,0.0002396333225381871,43,2024-07-18
4,0.00029469401577044644,0.0001278272133883244,43,2024-07-18
5,0.00025159521287494545,0.00018244558790077767,43,2024-07-18
6,0.00022600531768303636,0.00013827068517760683,43,2024-07-18
7,0.00020737088144836356,0.00012305451891734265,43,2024-07-18
8,0.0001962080522633453,0.00025082465047792843,43,2024-07-18
9,0.0001992343422898557,0.0001168856724689249,43,2024-07-18
10,0.00017913002814499878,0.00013111436855979265,43,2024-07-18
11,0.00017501663529490144,0.0001073949994558158,43,2024-07-18
12,0.00017605725002883956,0.00010792164199907953,43,2024-07-18
13,0.0001697616448282355,0.0001076227885884388,43,2024-07-18
14,0.00016658479913397658,0.00011233611585339531,43,2024-07-18
15,0.00016861326916912776,0.00010838713448417063,43,2024-07-18
1,0.005685504471156968,0.0005760109313996508,44,2025-01-17
2,0.0008418440293531777,0.0007141063639816517,44,2025-01-17
3,0.0005128472486311304,0.0011867313274706247,44,2025-01-17
4,0.00039073758879177537,0.001279553347073185,44,2025-01-17
5,0.00035326859679549844,0.0012220323209476192,44,2025-01-17
1,0.0025568989447920638,0.00023603873851243406,45,2025-07-22
2,0.00045175411026267444,0.0002057869205600582,45,2025-07-22
3,0.0002880093995961087,0.00016018421059319128,45,2025-07-22
4,0.000230551917133305,0.0001367248417712593,45,2025-07-22
5,0.00020700436905505794,0.00013457935832169218,45,2025-07-22
6,0.00019483927967752713,0.00013277019267358506,45,2025-07-22
7,0.0001827294272302157,0.00013282847018369163,45,2025-07-22
8,0.00017491597065921215,0.0001355416682296588,45,2025-07-22
9,0.00016811885083477726,0.00014070018393492017,45,2025-07-22
10,0.00016681784755372277,0.0001402071497674721,45,2025-07-22
